
INSERT INTO menu_info (menu_id, system_type_cd, parent_menu_id, menu_grade, menu_name, menu_url, menu_icon, sort, create_time, del_flag) VALUES ('808080816cefb4dc016d00201eba0000', 3, '0', 1, '魔方', null, 'mofang1.png', 8, '2019-09-05 14:32:48', 0);
INSERT INTO `menu_info`(`menu_id`, `system_type_cd`, `parent_menu_id`, `menu_grade`, `menu_name`, `menu_url`, `menu_icon`, `sort`, `create_time`, `del_flag`) VALUES ('ff8080816c6f1aff016c83d549180000', 3, '808080816cefb4dc016d00201eba0000', 2, 'PC建站', NULL, 'computer.png', 136, '2019-08-12 11:18:09', 0);
INSERT INTO `menu_info`(`menu_id`, `system_type_cd`, `parent_menu_id`, `menu_grade`, `menu_name`, `menu_url`, `menu_icon`, `sort`, `create_time`, `del_flag`) VALUES ('ff8080816c6f1aff016c83d5a5f30001', 3, '808080816cefb4dc016d00201eba0000', 2, '移动建站', NULL, 'mobile.png', 138, '2019-08-12 11:18:33', 0);
INSERT INTO `menu_info`(`menu_id`, `system_type_cd`, `parent_menu_id`, `menu_grade`, `menu_name`, `menu_url`, `menu_icon`, `sort`, `create_time`, `del_flag`) VALUES ('ff8080816c6f1aff016c83d808b90002', 3, 'ff8080816c6f1aff016c83d549180000', 3, '页面管理', '/page-manage/pc', NULL, 10, '2019-08-12 11:21:09', 0);
INSERT INTO `menu_info`(`menu_id`, `system_type_cd`, `parent_menu_id`, `menu_grade`, `menu_name`, `menu_url`, `menu_icon`, `sort`, `create_time`, `del_flag`) VALUES ('ff8080816c6f1aff016c83d84cba0003', 3, 'ff8080816c6f1aff016c83d5a5f30001', 3, '页面管理', '/page-manage/weixin', NULL, 10, '2019-08-12 11:21:26', 0);
INSERT INTO `menu_info`(`menu_id`, `system_type_cd`, `parent_menu_id`, `menu_grade`, `menu_name`, `menu_url`, `menu_icon`, `sort`, `create_time`, `del_flag`) VALUES ('ff8080816c6f1aff016c83d9b22a0004', 3, 'ff8080816c6f1aff016c83d549180000', 3, '模板管理', '/template-manage/pc', NULL, 20, '2019-08-12 11:22:58', 0);
INSERT INTO `menu_info`(`menu_id`, `system_type_cd`, `parent_menu_id`, `menu_grade`, `menu_name`, `menu_url`, `menu_icon`, `sort`, `create_time`, `del_flag`) VALUES ('ff8080816c6f1aff016c83d9f79e0005', 3, 'ff8080816c6f1aff016c83d5a5f30001', 3, '模板管理', '/template-manage/weixin', NULL, 20, '2019-08-12 11:23:16', 0);



INSERT INTO `function_info`(`function_id`, `system_type_cd`, `menu_id`, `function_title`, `function_name`, `remark`, `sort`, `create_time`, `del_flag`) VALUES ('ff8080816c6f1aff016c83dedba10006', 3, 'ff8080816c6f1aff016c83d808b90002', '页面管理', 'f_page_manage_pc', NULL, 10, '2019-08-12 11:28:36', 0);
INSERT INTO `function_info`(`function_id`, `system_type_cd`, `menu_id`, `function_title`, `function_name`, `remark`, `sort`, `create_time`, `del_flag`) VALUES ('ff8080816c6f1aff016c83df2e170007', 3, 'ff8080816c6f1aff016c83d84cba0003', '页面管理', 'f_page_manage_mobile', NULL, 10, '2019-08-12 11:28:57', 0);
INSERT INTO `function_info`(`function_id`, `system_type_cd`, `menu_id`, `function_title`, `function_name`, `remark`, `sort`, `create_time`, `del_flag`) VALUES ('ff8080816c6f1aff016c83e045d70008', 3, 'ff8080816c6f1aff016c83d9b22a0004', '模板管理', 'f_template_manage_pc', NULL, 10, '2019-08-12 11:30:09', 0);
INSERT INTO `function_info`(`function_id`, `system_type_cd`, `menu_id`, `function_title`, `function_name`, `remark`, `sort`, `create_time`, `del_flag`) VALUES ('ff8080816c6f1aff016c83e07b1e0009', 3, 'ff8080816c6f1aff016c83d9f79e0005', '模板管理', 'f_template_manage_mobile', NULL, 10, '2019-08-12 11:30:23', 0);


INSERT INTO `authority`(`authority_id`, `system_type_cd`, `function_id`, `authority_title`, `authority_name`, `authority_url`, `request_type`, `remark`, `sort`, `create_time`, `del_flag`) VALUES ('ff8080816c6f1aff016c83e46aef000a', 3, 'ff8080816c6f1aff016c83dedba10006', '查询店铺信息-编辑页', NULL, '/sso/user', 'GET', NULL, 10, '2019-08-12 11:34:41', 0);
INSERT INTO `authority`(`authority_id`, `system_type_cd`, `function_id`, `authority_title`, `authority_name`, `authority_url`, `request_type`, `remark`, `sort`, `create_time`, `del_flag`) VALUES ('ff8080816c6f1aff016c83e50263000b', 3, 'ff8080816c6f1aff016c83dedba10006', '获取店铺信息-过滤器', NULL, '/sso/server', 'GET', NULL, 20, '2019-08-12 11:35:19', 0);
INSERT INTO `authority`(`authority_id`, `system_type_cd`, `function_id`, `authority_title`, `authority_name`, `authority_url`, `request_type`, `remark`, `sort`, `create_time`, `del_flag`) VALUES ('ff8080816c6f1aff016c83e580ac000c', 3, 'ff8080816c6f1aff016c83dedba10006', '获取网站地址-发布后', NULL, '/open_site_api/site_info', 'POST', NULL, 30, '2019-08-12 11:35:52', 0);
INSERT INTO `authority`(`authority_id`, `system_type_cd`, `function_id`, `authority_title`, `authority_name`, `authority_url`, `request_type`, `remark`, `sort`, `create_time`, `del_flag`) VALUES ('ff8080816c6f1aff016c83e5ea26000d', 3, 'ff8080816c6f1aff016c83dedba10006', '获取商品分类', NULL, '/xsite/goodsCatesForXsite', 'GET', NULL, 40, '2019-08-12 11:36:19', 0);
INSERT INTO `authority`(`authority_id`, `system_type_cd`, `function_id`, `authority_title`, `authority_name`, `authority_url`, `request_type`, `remark`, `sort`, `create_time`, `del_flag`) VALUES ('ff8080816c6f1aff016c83e65243000e', 3, 'ff8080816c6f1aff016c83dedba10006', '获取商品列表', NULL, '/xsite/skusForXsite', 'POST', NULL, 50, '2019-08-12 11:36:45', 0);
INSERT INTO `authority`(`authority_id`, `system_type_cd`, `function_id`, `authority_title`, `authority_name`, `authority_url`, `request_type`, `remark`, `sort`, `create_time`, `del_flag`) VALUES ('ff8080816c6f1aff016c83e83ab8000f', 3, 'ff8080816c6f1aff016c83df2e170007', '查询店铺信息-编辑页', NULL, '/sso/user', 'GET', '', 10, '2019-08-12 11:38:50', 0);
INSERT INTO `authority`(`authority_id`, `system_type_cd`, `function_id`, `authority_title`, `authority_name`, `authority_url`, `request_type`, `remark`, `sort`, `create_time`, `del_flag`) VALUES ('ff8080816c6f1aff016c83e8a42f0010', 3, 'ff8080816c6f1aff016c83df2e170007', '获取店铺信息-过滤器', NULL, '/sso/server', 'GET', NULL, 20, '2019-08-12 11:39:17', 0);
INSERT INTO `authority`(`authority_id`, `system_type_cd`, `function_id`, `authority_title`, `authority_name`, `authority_url`, `request_type`, `remark`, `sort`, `create_time`, `del_flag`) VALUES ('ff8080816c6f1aff016c83e91ec30011', 3, 'ff8080816c6f1aff016c83df2e170007', '获取网站地址-发布后', NULL, '/open_site_api/site_wx_info', 'POST', NULL, 30, '2019-08-12 11:39:49', 0);
INSERT INTO `authority`(`authority_id`, `system_type_cd`, `function_id`, `authority_title`, `authority_name`, `authority_url`, `request_type`, `remark`, `sort`, `create_time`, `del_flag`) VALUES ('ff8080816c6f1aff016c83e996410012', 3, 'ff8080816c6f1aff016c83df2e170007', '获取商品分类', NULL, '/xsite/goodsCatesForXsite', 'POST', NULL, 40, '2019-08-12 11:40:19', 0);
INSERT INTO `authority`(`authority_id`, `system_type_cd`, `function_id`, `authority_title`, `authority_name`, `authority_url`, `request_type`, `remark`, `sort`, `create_time`, `del_flag`) VALUES ('ff8080816c6f1aff016c83ea079c0013', 3, 'ff8080816c6f1aff016c83df2e170007', '获取商品列表', NULL, '/xsite/skusForXsite', 'POST', NULL, 50, '2019-08-12 11:40:48', 0);
INSERT INTO `authority`(`authority_id`, `system_type_cd`, `function_id`, `authority_title`, `authority_name`, `authority_url`, `request_type`, `remark`, `sort`, `create_time`, `del_flag`) VALUES ('ff8080816c6f1aff016c83eaf91f0014', 3, 'ff8080816c6f1aff016c83e045d70008', '查询店铺信息-编辑页', NULL, '/sso/user', 'GET', NULL, 10, '2019-08-12 11:41:50', 0);
INSERT INTO `authority`(`authority_id`, `system_type_cd`, `function_id`, `authority_title`, `authority_name`, `authority_url`, `request_type`, `remark`, `sort`, `create_time`, `del_flag`) VALUES ('ff8080816c6f1aff016c83eb57580015', 3, 'ff8080816c6f1aff016c83e045d70008', '获取店铺信息-过滤器', NULL, '/sso/server', 'GET', NULL, 20, '2019-08-12 11:42:14', 0);
INSERT INTO `authority`(`authority_id`, `system_type_cd`, `function_id`, `authority_title`, `authority_name`, `authority_url`, `request_type`, `remark`, `sort`, `create_time`, `del_flag`) VALUES ('ff8080816c6f1aff016c83ebfa4a0016', 3, 'ff8080816c6f1aff016c83e045d70008', '获取网站地址-发布后', NULL, '/open_site_api/site_info', 'POST', NULL, 30, '2019-08-12 11:42:56', 0);
INSERT INTO `authority`(`authority_id`, `system_type_cd`, `function_id`, `authority_title`, `authority_name`, `authority_url`, `request_type`, `remark`, `sort`, `create_time`, `del_flag`) VALUES ('ff8080816c6f1aff016c83ec612c0017', 3, 'ff8080816c6f1aff016c83e045d70008', '获取商品分类', NULL, '/xsite/goodsCatesForXsite', 'GET', NULL, 40, '2019-08-12 11:43:22', 0);
INSERT INTO `authority`(`authority_id`, `system_type_cd`, `function_id`, `authority_title`, `authority_name`, `authority_url`, `request_type`, `remark`, `sort`, `create_time`, `del_flag`) VALUES ('ff8080816c6f1aff016c83ecc0100018', 3, 'ff8080816c6f1aff016c83e045d70008', '获取商品列表', NULL, '/xsite/skusForXsite', 'POST', NULL, 50, '2019-08-12 11:43:47', 0);
INSERT INTO `authority`(`authority_id`, `system_type_cd`, `function_id`, `authority_title`, `authority_name`, `authority_url`, `request_type`, `remark`, `sort`, `create_time`, `del_flag`) VALUES ('ff8080816c6f1aff016c83edae950019', 3, 'ff8080816c6f1aff016c83e07b1e0009', '查询店铺信息-编辑页', NULL, '/sso/user', 'GET', NULL, 10, '2019-08-12 11:44:48', 0);
INSERT INTO `authority`(`authority_id`, `system_type_cd`, `function_id`, `authority_title`, `authority_name`, `authority_url`, `request_type`, `remark`, `sort`, `create_time`, `del_flag`) VALUES ('ff8080816c6f1aff016c83ee10f6001a', 3, 'ff8080816c6f1aff016c83e07b1e0009', '获取店铺信息-过滤器', NULL, '/sso/server', 'GET', NULL, 20, '2019-08-12 11:45:13', 0);
INSERT INTO `authority`(`authority_id`, `system_type_cd`, `function_id`, `authority_title`, `authority_name`, `authority_url`, `request_type`, `remark`, `sort`, `create_time`, `del_flag`) VALUES ('ff8080816c6f1aff016c83ee6383001b', 3, 'ff8080816c6f1aff016c83e07b1e0009', '获取网站地址-发布后', NULL, '/open_site_api/site_wx_info', 'POST', NULL, 30, '2019-08-12 11:45:34', 0);
INSERT INTO `authority`(`authority_id`, `system_type_cd`, `function_id`, `authority_title`, `authority_name`, `authority_url`, `request_type`, `remark`, `sort`, `create_time`, `del_flag`) VALUES ('ff8080816c6f1aff016c83eebd58001c', 3, 'ff8080816c6f1aff016c83e07b1e0009', '获取商品分类', NULL, '/xsite/goodsCatesForXsite', 'POST', NULL, 40, '2019-08-12 11:45:57', 0);
INSERT INTO `authority`(`authority_id`, `system_type_cd`, `function_id`, `authority_title`, `authority_name`, `authority_url`, `request_type`, `remark`, `sort`, `create_time`, `del_flag`) VALUES ('ff8080816c6f1aff016c83ef1291001d', 3, 'ff8080816c6f1aff016c83e07b1e0009', '获取商品列表', NULL, '/xsite/skusForXsite', 'POST', NULL, 50, '2019-08-12 11:46:19', 0);
