#------------------------------------------------setting-------------------------------------------
INSERT INTO `authority`(`authority_id`, `system_type_cd`, `function_id`, `authority_title`, `authority_name`, `authority_url`, `request_type`, `remark`, `sort`, `create_time`, `del_flag`) VALUES ('808080816b2a6ecc016b2ba5b1c0000a', 4, '2c9388916b0b86c7016b0bdebc9b0002', '获取已生效或正在生效的拼团商品SPU列表', NULL, '/groupon/setting/valid/goods', 'POST', NULL, 2, '2019-06-06 15:16:48', 0);
INSERT INTO `authority`(`authority_id`, `system_type_cd`, `function_id`, `authority_title`, `authority_name`, `authority_url`, `request_type`, `remark`, `sort`, `create_time`, `del_flag`) VALUES ('808080816b2a6ecc016b2b9dd8c70009', 3, '808080816b2a6ecc016b2b9d54bd0008', '查看拼团活动详情', NULL, '/groupon-detail/*', 'POST', NULL, 1, '2019-06-06 15:08:13', 0);
INSERT INTO `authority`(`authority_id`, `system_type_cd`, `function_id`, `authority_title`, `authority_name`, `authority_url`, `request_type`, `remark`, `sort`, `create_time`, `del_flag`) VALUES ('808080816b2a6ecc016b2b9a9da00007', 4, 'ff8080816ae9a1ed016aece5427e0000', '查看拼团活动订单列表', NULL, '/trade/groupon/page', 'POST', NULL, 3, '2019-06-06 15:04:42', 0);
INSERT INTO `authority`(`authority_id`, `system_type_cd`, `function_id`, `authority_title`, `authority_name`, `authority_url`, `request_type`, `remark`, `sort`, `create_time`, `del_flag`) VALUES ('808080816b2a6ecc016b2b9a5e700006', 4, 'ff8080816ae9a1ed016aece5427e0000', '查看拼团活动详情', '', '/groupon/activity/*', 'GET', NULL, 2, '2019-06-06 15:04:25', 0);
INSERT INTO `authority`(`authority_id`, `system_type_cd`, `function_id`, `authority_title`, `authority_name`, `authority_url`, `request_type`, `remark`, `sort`, `create_time`, `del_flag`) VALUES ('808080816b2a6ecc016b2b98d6070005', 3, 'ff8080816ae9a1ed016aed0867af000a', '查看拼团活动订单列表', NULL, '/trade/groupon/page', 'POST', NULL, 3, '2019-06-06 15:02:45', 0);
INSERT INTO `authority`(`authority_id`, `system_type_cd`, `function_id`, `authority_title`, `authority_name`, `authority_url`, `request_type`, `remark`, `sort`, `create_time`, `del_flag`) VALUES ('808080816b2a6ecc016b2b9899180004', 3, 'ff8080816ae9a1ed016aed0867af000a', '查询拼团活动详情', NULL, '/groupon/activity/*', 'GET', NULL, 2, '2019-06-06 15:02:29', 0);
INSERT INTO `authority`(`authority_id`, `system_type_cd`, `function_id`, `authority_title`, `authority_name`, `authority_url`, `request_type`, `remark`, `sort`, `create_time`, `del_flag`) VALUES ('808080816b2a6ecc016b2b94720c0003', 3, '808080816b2a6ecc016b2b923b8a0001', '查看拼团活动订单列表', NULL, '/trade/groupon/page', 'POST', NULL, 2, '2019-06-06 14:57:57', 0);
INSERT INTO `authority`(`authority_id`, `system_type_cd`, `function_id`, `authority_title`, `authority_name`, `authority_url`, `request_type`, `remark`, `sort`, `create_time`, `del_flag`) VALUES ('808080816b2a6ecc016b2b93e6ac0002', 3, '808080816b2a6ecc016b2b923b8a0001', '查询拼团活动详情', NULL, '/groupon/activity/*', 'GET', NULL, 1, '2019-06-06 14:57:22', 0);
INSERT INTO `authority`(`authority_id`, `system_type_cd`, `function_id`, `authority_title`, `authority_name`, `authority_url`, `request_type`, `remark`, `sort`, `create_time`, `del_flag`) VALUES ('808080816b2a6ecc016b2b8e6a4c0000', 3, 'ff8080816ae9a1ed016aed0a7c9b000e', '查询拼团活动详情', NULL, '/groupon/activity/*', 'GET', NULL, 7, '2019-06-06 14:51:22', 0);
INSERT INTO `authority`(`authority_id`, `system_type_cd`, `function_id`, `authority_title`, `authority_name`, `authority_url`, `request_type`, `remark`, `sort`, `create_time`, `del_flag`) VALUES ('ff8080816b0c0e48016b0ddc5b9e0007', 4, 'ff8080816b0c0e48016b0dd5cdba0002', '拖拽排序', NULL, '/groupon/cate/sort', 'POST', NULL, 2, '2019-05-31 20:27:54', 0);
INSERT INTO `authority`(`authority_id`, `system_type_cd`, `function_id`, `authority_title`, `authority_name`, `authority_url`, `request_type`, `remark`, `sort`, `create_time`, `del_flag`) VALUES ('ff8080816b0c0e48016b0ddae8ee0006', 4, 'ff8080816b0c0e48016b0dda56ad0005', '删除拼团分类', NULL, '/groupon/cate/delete', 'POST', NULL, 0, '2019-05-31 20:26:19', 0);
INSERT INTO `authority`(`authority_id`, `system_type_cd`, `function_id`, `authority_title`, `authority_name`, `authority_url`, `request_type`, `remark`, `sort`, `create_time`, `del_flag`) VALUES ('ff8080816b0c0e48016b0dd71f5f0004', 4, 'ff8080816b0c0e48016b0dd5cdba0002', '编辑拼团分类', NULL, '/groupon/cate/modify', 'PUT', NULL, 1, '2019-05-31 20:22:11', 0);
INSERT INTO `authority`(`authority_id`, `system_type_cd`, `function_id`, `authority_title`, `authority_name`, `authority_url`, `request_type`, `remark`, `sort`, `create_time`, `del_flag`) VALUES ('ff8080816b0c0e48016b0dd66b260003', 4, 'ff8080816b0c0e48016b0dd5cdba0002', '新增拼团分类', NULL, '/groupon/cate/add', 'POST', NULL, 0, '2019-05-31 20:21:24', 0);
INSERT INTO `authority`(`authority_id`, `system_type_cd`, `function_id`, `authority_title`, `authority_name`, `authority_url`, `request_type`, `remark`, `sort`, `create_time`, `del_flag`) VALUES ('ff8080816b0c0e48016b0dd319b00001', 4, 'ff8080816b0c0e48016b0dd1cb740000', '获取拼团分类列表', NULL, '/groupon/cate/list', 'GET', NULL, 0, '2019-05-31 20:17:47', 0);
INSERT INTO `authority`(`authority_id`, `system_type_cd`, `function_id`, `authority_title`, `authority_name`, `authority_url`, `request_type`, `remark`, `sort`, `create_time`, `del_flag`) VALUES ('2c9388916b0b86c7016b0d7c7599000f', 4, '2c9388916b0b86c7016b0d7c0643000e', '删除拼团分类', NULL, '/groupon/cate/delete', 'POST', NULL, 5, '2019-05-31 18:43:09', 0);
INSERT INTO `authority`(`authority_id`, `system_type_cd`, `function_id`, `authority_title`, `authority_name`, `authority_url`, `request_type`, `remark`, `sort`, `create_time`, `del_flag`) VALUES ('2c9388916b0b86c7016b0d7b9dd1000d', 4, '2c9388916b0b86c7016b0d7ac2f9000c', '修改拼团分类', NULL, '/groupon/cate/modify', 'PUT', NULL, 4, '2019-05-31 18:42:14', 0);
INSERT INTO `authority`(`authority_id`, `system_type_cd`, `function_id`, `authority_title`, `authority_name`, `authority_url`, `request_type`, `remark`, `sort`, `create_time`, `del_flag`) VALUES ('2c9388916b0b86c7016b0d78df35000b', 4, '2c9388916b0b86c7016b0d786819000a', '新增拼团分类', NULL, '/groupon/cate/add', 'POST', NULL, 3, '2019-05-31 18:39:14', 0);
INSERT INTO `authority`(`authority_id`, `system_type_cd`, `function_id`, `authority_title`, `authority_name`, `authority_url`, `request_type`, `remark`, `sort`, `create_time`, `del_flag`) VALUES ('2c9388916b0b86c7016b0d61bd700009', 4, '2c9388916b0b86c7016b0d60a1de0008', '获取拼团分类', NULL, '/groupon/cate/list', 'GET', NULL, 1, '2019-05-31 18:13:58', 0);
INSERT INTO `authority`(`authority_id`, `system_type_cd`, `function_id`, `authority_title`, `authority_name`, `authority_url`, `request_type`, `remark`, `sort`, `create_time`, `del_flag`) VALUES ('2c9388916b0b86c7016b0be905f50007', 4, '2c9388916b0b86c7016b0bdf16000003', '编辑拼团规则', NULL, '/groupon/setting/save/rule', 'PUT', NULL, 4, '2019-05-31 11:22:29', 0);
INSERT INTO `authority`(`authority_id`, `system_type_cd`, `function_id`, `authority_title`, `authority_name`, `authority_url`, `request_type`, `remark`, `sort`, `create_time`, `del_flag`) VALUES ('2c9388916b0b86c7016b0be8903b0006', 4, '2c9388916b0b86c7016b0bdebc9b0002', '编辑拼团广告', NULL, '/groupon/setting/save/poster', 'PUT', NULL, 3, '2019-05-31 11:21:59', 0);
INSERT INTO `authority`(`authority_id`, `system_type_cd`, `function_id`, `authority_title`, `authority_name`, `authority_url`, `request_type`, `remark`, `sort`, `create_time`, `del_flag`) VALUES ('2c9388916b0b86c7016b0be686390005', 4, '2c9388916b0b86c7016b0bde4b530001', '编辑拼团设置开关', NULL, '/groupon/setting/save/audit', 'PUT', NULL, 2, '2019-05-31 11:19:45', 0);
INSERT INTO `authority`(`authority_id`, `system_type_cd`, `function_id`, `authority_title`, `authority_name`, `authority_url`, `request_type`, `remark`, `sort`, `create_time`, `del_flag`) VALUES ('2c9388916b0b86c7016b0be43e550004', 4, '2c9388916b0b86c7016b0bd825fa0000', '查看拼团设置', NULL, '/groupon/setting', 'GET', NULL, 1, '2019-05-31 11:17:16', 0);
INSERT INTO `authority`(`authority_id`, `system_type_cd`, `function_id`, `authority_title`, `authority_name`, `authority_url`, `request_type`, `remark`, `sort`, `create_time`, `del_flag`) VALUES ('ff8080816b0305a3016b06ac03790012', 3, 'ff8080816ae9a1ed016aed0a7c9b000e', '编辑拼团活动', NULL, '/groupon/activity/modify', 'PUT', NULL, 5, '2019-05-30 10:57:45', 0);
INSERT INTO `authority`(`authority_id`, `system_type_cd`, `function_id`, `authority_title`, `authority_name`, `authority_url`, `request_type`, `remark`, `sort`, `create_time`, `del_flag`) VALUES ('ff8080816b0305a3016b06ab8ac90011', 3, 'ff8080816ae9a1ed016aed0a7c9b000e', '获取拼团商品审核状态', NULL, '/groupon/setting/get-goods-audit-flag', 'GET', NULL, 4, '2019-05-30 10:57:14', 0);
INSERT INTO `authority`(`authority_id`, `system_type_cd`, `function_id`, `authority_title`, `authority_name`, `authority_url`, `request_type`, `remark`, `sort`, `create_time`, `del_flag`) VALUES ('ff8080816b0305a3016b06ab14fa0010', 3, 'ff8080816ae9a1ed016aed0a7c9b000e', '查询拼团活动分类', NULL, '/groupon/cate/list', 'GET', NULL, 3, '2019-05-30 10:56:44', 0);
INSERT INTO `authority`(`authority_id`, `system_type_cd`, `function_id`, `authority_title`, `authority_name`, `authority_url`, `request_type`, `remark`, `sort`, `create_time`, `del_flag`) VALUES ('ff8080816b0305a3016b06aac305000f', 3, 'ff8080816ae9a1ed016aed0a7c9b000e', '查询全部店铺分类', NULL, '/storeCate', 'GET', NULL, 2, '2019-05-30 10:56:23', 0);
INSERT INTO `authority`(`authority_id`, `system_type_cd`, `function_id`, `authority_title`, `authority_name`, `authority_url`, `request_type`, `remark`, `sort`, `create_time`, `del_flag`) VALUES ('ff8080816b0305a3016b06aa7e88000e', 3, 'ff8080816ae9a1ed016aed0a7c9b000e', '查询全部签约的品牌', NULL, '/contract/goods/brand/list', 'GET', NULL, 1, '2019-05-30 10:56:05', 0);
INSERT INTO `authority`(`authority_id`, `system_type_cd`, `function_id`, `authority_title`, `authority_name`, `authority_url`, `request_type`, `remark`, `sort`, `create_time`, `del_flag`) VALUES ('ff8080816b0305a3016b06aa0fc1000d', 3, 'ff8080816ae9a1ed016aed0a7c9b000e', '分页查询拼团活动', NULL, '/goods/groupon-spus', 'POST', NULL, 0, '2019-05-30 10:55:37', 0);
INSERT INTO `authority`(`authority_id`, `system_type_cd`, `function_id`, `authority_title`, `authority_name`, `authority_url`, `request_type`, `remark`, `sort`, `create_time`, `del_flag`) VALUES ('ff8080816b0305a3016b06a8f596000c', 3, 'ff8080816ae9a1ed016aed0981bf000c', '获取拼团商品审核状态', NULL, '/groupon/setting/get-goods-audit-flag', 'GET', NULL, 5, '2019-05-30 10:54:25', 0);
INSERT INTO `authority`(`authority_id`, `system_type_cd`, `function_id`, `authority_title`, `authority_name`, `authority_url`, `request_type`, `remark`, `sort`, `create_time`, `del_flag`) VALUES ('ff8080816b0305a3016b06a8893b000b', 3, 'ff8080816ae9a1ed016aed0981bf000c', '添加拼团活动', NULL, '/groupon/activity/add', 'POST', NULL, 4, '2019-05-30 10:53:57', 0);
INSERT INTO `authority`(`authority_id`, `system_type_cd`, `function_id`, `authority_title`, `authority_name`, `authority_url`, `request_type`, `remark`, `sort`, `create_time`, `del_flag`) VALUES ('ff8080816b0305a3016b06a7f6f5000a', 3, 'ff8080816ae9a1ed016aed0981bf000c', '查询拼团活动分类', NULL, '/groupon/cate/list', 'GET', NULL, 3, '2019-05-30 10:53:19', 0);
INSERT INTO `authority`(`authority_id`, `system_type_cd`, `function_id`, `authority_title`, `authority_name`, `authority_url`, `request_type`, `remark`, `sort`, `create_time`, `del_flag`) VALUES ('ff8080816b0305a3016b06a798250009', 3, 'ff8080816ae9a1ed016aed0981bf000c', '查询全部店铺分类', NULL, '/storeCate', 'GET', NULL, 2, '2019-05-30 10:52:55', 0);
INSERT INTO `authority`(`authority_id`, `system_type_cd`, `function_id`, `authority_title`, `authority_name`, `authority_url`, `request_type`, `remark`, `sort`, `create_time`, `del_flag`) VALUES ('ff8080816b0305a3016b06a748f60008', 3, 'ff8080816ae9a1ed016aed0981bf000c', '查询全部签约的品牌', NULL, '/contract/goods/brand/list', 'GET', NULL, 1, '2019-05-30 10:52:35', 0);
INSERT INTO `authority`(`authority_id`, `system_type_cd`, `function_id`, `authority_title`, `authority_name`, `authority_url`, `request_type`, `remark`, `sort`, `create_time`, `del_flag`) VALUES ('ff8080816b0305a3016b06a6faf10007', 3, 'ff8080816ae9a1ed016aed0981bf000c', '分页查询拼团活动', NULL, '/goods/groupon-spus', 'POST', NULL, 0, '2019-05-30 10:52:15', 0);
INSERT INTO `authority`(`authority_id`, `system_type_cd`, `function_id`, `authority_title`, `authority_name`, `authority_url`, `request_type`, `remark`, `sort`, `create_time`, `del_flag`) VALUES ('ff8080816b0305a3016b0691385a0006', 3, 'ff8080816b0305a3016b068b6f890000', '获取拼团商品审核状态', NULL, '/groupon/setting/get-goods-audit-flag', 'GET', NULL, 5, '2019-05-30 10:28:29', 0);
INSERT INTO `authority`(`authority_id`, `system_type_cd`, `function_id`, `authority_title`, `authority_name`, `authority_url`, `request_type`, `remark`, `sort`, `create_time`, `del_flag`) VALUES ('ff8080816b0305a3016b069086490005', 3, 'ff8080816b0305a3016b068b6f890000', '添加拼团活动', NULL, '/groupon/activity/add', 'POST', NULL, 4, '2019-05-30 10:27:43', 0);
INSERT INTO `authority`(`authority_id`, `system_type_cd`, `function_id`, `authority_title`, `authority_name`, `authority_url`, `request_type`, `remark`, `sort`, `create_time`, `del_flag`) VALUES ('ff8080816b0305a3016b068ef2240004', 3, 'ff8080816b0305a3016b068b6f890000', '查询拼团活动分类', NULL, '/groupon/cate/list', 'GET', NULL, 3, '2019-05-30 10:26:00', 0);
INSERT INTO `authority`(`authority_id`, `system_type_cd`, `function_id`, `authority_title`, `authority_name`, `authority_url`, `request_type`, `remark`, `sort`, `create_time`, `del_flag`) VALUES ('ff8080816b0305a3016b068e4f830003', 3, 'ff8080816b0305a3016b068b6f890000', '查询全部店铺分类', NULL, '/storeCate', 'GET', NULL, 2, '2019-05-30 10:25:18', 0);
INSERT INTO `authority`(`authority_id`, `system_type_cd`, `function_id`, `authority_title`, `authority_name`, `authority_url`, `request_type`, `remark`, `sort`, `create_time`, `del_flag`) VALUES ('ff8080816b0305a3016b068dc4cd0002', 3, 'ff8080816b0305a3016b068b6f890000', '查询全部签约的品牌', NULL, '/contract/goods/brand/list', 'GET', NULL, 1, '2019-05-30 10:24:43', 0);
INSERT INTO `authority`(`authority_id`, `system_type_cd`, `function_id`, `authority_title`, `authority_name`, `authority_url`, `request_type`, `remark`, `sort`, `create_time`, `del_flag`) VALUES ('ff8080816b0305a3016b068cc1290001', 3, 'ff8080816b0305a3016b068b6f890000', '分页查询拼团活动', NULL, '/goods/groupon-spus', 'POST', NULL, 0, '2019-05-30 10:23:36', 0);
INSERT INTO `authority`(`authority_id`, `system_type_cd`, `function_id`, `authority_title`, `authority_name`, `authority_url`, `request_type`, `remark`, `sort`, `create_time`, `del_flag`) VALUES ('ff8080816ae9a1ed016aed0bc4220011', 3, 'ff8080816ae9a1ed016aed0b5af00010', '删除拼团活动', NULL, '/groupon/activity/delete-by-id', 'POST', NULL, 1, '2019-05-25 11:32:12', 0);
INSERT INTO `authority`(`authority_id`, `system_type_cd`, `function_id`, `authority_title`, `authority_name`, `authority_url`, `request_type`, `remark`, `sort`, `create_time`, `del_flag`) VALUES ('ff8080816ae9a1ed016aed0af8be000f', 3, 'ff8080816ae9a1ed016aed0a7c9b000e', '编辑拼团活动', NULL, '/groupon-edit/*', 'GET', NULL, 4, '2019-05-25 11:31:20', 1);
INSERT INTO `authority`(`authority_id`, `system_type_cd`, `function_id`, `authority_title`, `authority_name`, `authority_url`, `request_type`, `remark`, `sort`, `create_time`, `del_flag`) VALUES ('ff8080816ae9a1ed016aed09e5ad000d', 3, 'ff8080816ae9a1ed016aed0981bf000c', '新增拼团活动', NULL, '/groupon-add', 'POST', NULL, 1, '2019-05-25 11:30:10', 1);
INSERT INTO `authority`(`authority_id`, `system_type_cd`, `function_id`, `authority_title`, `authority_name`, `authority_url`, `request_type`, `remark`, `sort`, `create_time`, `del_flag`) VALUES ('ff8080816ae9a1ed016aed08f57a000b', 3, 'ff8080816ae9a1ed016aed0867af000a', '分页查询拼团活动', '', '/groupon/activity/page', 'POST', NULL, 1, '2019-05-25 11:29:08', 0);
INSERT INTO `authority`(`authority_id`, `system_type_cd`, `function_id`, `authority_title`, `authority_name`, `authority_url`, `request_type`, `remark`, `sort`, `create_time`, `del_flag`) VALUES ('ff8080816ae9a1ed016aecf2a0bb0009', 4, 'ff8080816ae9a1ed016aecf16bf20008', '查看拼团活动详情', NULL, '/groupon-detail/*', 'POST', NULL, 1, '2019-05-25 11:04:45', 0);
INSERT INTO `authority`(`authority_id`, `system_type_cd`, `function_id`, `authority_title`, `authority_name`, `authority_url`, `request_type`, `remark`, `sort`, `create_time`, `del_flag`) VALUES ('ff8080816ae9a1ed016aecf0e9860007', 4, 'ff8080816ae9a1ed016aecf070960006', '驳回拼团活动', NULL, '/groupon/activity/refuse', 'POST', NULL, 1, '2019-05-25 11:02:53', 0);
INSERT INTO `authority`(`authority_id`, `system_type_cd`, `function_id`, `authority_title`, `authority_name`, `authority_url`, `request_type`, `remark`, `sort`, `create_time`, `del_flag`) VALUES ('ff8080816ae9a1ed016aeceeed7f0005', 4, 'ff8080816ae9a1ed016aecede8610004', '设置精选', NULL, '/groupon/activity/batch-sticky', 'POST', NULL, 1, '2019-05-25 11:00:42', 0);
INSERT INTO `authority`(`authority_id`, `system_type_cd`, `function_id`, `authority_title`, `authority_name`, `authority_url`, `request_type`, `remark`, `sort`, `create_time`, `del_flag`) VALUES ('ff8080816ae9a1ed016aececd8020003', 4, 'ff8080816ae9a1ed016aecebfe580002', '批量通过拼团活动', NULL, '/groupon/activity/batch-check', 'POST', NULL, 1, '2019-05-25 10:58:26', 0);
INSERT INTO `authority`(`authority_id`, `system_type_cd`, `function_id`, `authority_title`, `authority_name`, `authority_url`, `request_type`, `remark`, `sort`, `create_time`, `del_flag`) VALUES ('ff8080816ae9a1ed016aece6a3ce0001', 4, 'ff8080816ae9a1ed016aece5427e0000', '分页查询拼团活动列表', NULL, '/groupon/activity/page', 'POST', NULL, 1, '2019-05-25 10:51:39', 0);


INSERT INTO `function_info`(`function_id`, `system_type_cd`, `menu_id`, `function_title`, `function_name`, `remark`, `sort`, `create_time`, `del_flag`) VALUES ('808080816b2a6ecc016b2b9d54bd0008', 3, 'ff8080816ac53f1c016ad2d549a20001', '查看拼团活动', 'f_groupon-activity-detail', NULL, 2, '2019-06-06 15:07:40', 0);
INSERT INTO `function_info`(`function_id`, `system_type_cd`, `menu_id`, `function_title`, `function_name`, `remark`, `sort`, `create_time`, `del_flag`) VALUES ('808080816b2a6ecc016b2b923b8a0001', 3, 'ff8080816ac53f1c016ad2d549a20001', '查询拼团活动', 'f_groupon-activity-view', NULL, 7, '2019-06-06 14:55:32', 1);
INSERT INTO `function_info`(`function_id`, `system_type_cd`, `menu_id`, `function_title`, `function_name`, `remark`, `sort`, `create_time`, `del_flag`) VALUES ('ff8080816b0c0e48016b0dda56ad0005', 4, 'ff8080816a590e49016ac4f516880002', '删除拼团分类', 'f_groupon_cate_delete', NULL, 2, '2019-05-31 20:25:41', 0);
INSERT INTO `function_info`(`function_id`, `system_type_cd`, `menu_id`, `function_title`, `function_name`, `remark`, `sort`, `create_time`, `del_flag`) VALUES ('ff8080816b0c0e48016b0dd5cdba0002', 4, 'ff8080816a590e49016ac4f516880002', '新增/编辑拼团分类', 'f_groupon_cate_editor', NULL, 1, '2019-05-31 20:20:44', 0);
INSERT INTO `function_info`(`function_id`, `system_type_cd`, `menu_id`, `function_title`, `function_name`, `remark`, `sort`, `create_time`, `del_flag`) VALUES ('ff8080816b0c0e48016b0dd1cb740000', 4, 'ff8080816a590e49016ac4f516880002', '查看拼团分类', 'f_groupon_cate_query', '查看拼团分类', 0, '2019-05-31 20:16:21', 0);
INSERT INTO `function_info`(`function_id`, `system_type_cd`, `menu_id`, `function_title`, `function_name`, `remark`, `sort`, `create_time`, `del_flag`) VALUES ('2c9388916b0b86c7016b0bdf16000003', 4, '2c93889a6ac39087016ac3ac40200001', '编辑拼团规则', 'f_edit_groupon_rule', '编辑拼团规则', 4, '2019-05-31 11:11:38', 0);
INSERT INTO `function_info`(`function_id`, `system_type_cd`, `menu_id`, `function_title`, `function_name`, `remark`, `sort`, `create_time`, `del_flag`) VALUES ('2c9388916b0b86c7016b0bdebc9b0002', 4, '2c93889a6ac39087016ac3ac40200001', '编辑拼团广告', 'f_edit_groupon_poster', '编辑拼团广告', 3, '2019-05-31 11:11:15', 0);
INSERT INTO `function_info`(`function_id`, `system_type_cd`, `menu_id`, `function_title`, `function_name`, `remark`, `sort`, `create_time`, `del_flag`) VALUES ('2c9388916b0b86c7016b0bde4b530001', 4, '2c93889a6ac39087016ac3ac40200001', '编辑设置开关', 'f_edit_groupon_switch', '编辑设置开关', 2, '2019-05-31 11:10:46', 0);
INSERT INTO `function_info`(`function_id`, `system_type_cd`, `menu_id`, `function_title`, `function_name`, `remark`, `sort`, `create_time`, `del_flag`) VALUES ('2c9388916b0b86c7016b0bd825fa0000', 4, '2c93889a6ac39087016ac3ac40200001', '查看拼团设置', 'f_fetch_groupon_setting', '查看拼团设置', 1, '2019-05-31 11:04:03', 0);
INSERT INTO `function_info`(`function_id`, `system_type_cd`, `menu_id`, `function_title`, `function_name`, `remark`, `sort`, `create_time`, `del_flag`) VALUES ('ff8080816b0305a3016b068b6f890000', 3, 'fc8e11a13fe311e9828800163e0fc468', '新增拼团活动', 'f_create_groupon_activity', NULL, 5, '2019-05-30 10:22:10', 0);
INSERT INTO `function_info`(`function_id`, `system_type_cd`, `menu_id`, `function_title`, `function_name`, `remark`, `sort`, `create_time`, `del_flag`) VALUES ('ff8080816ae9a1ed016aed0b5af00010', 3, 'ff8080816ac53f1c016ad2d549a20001', '删除拼团活动', 'f_groupon-activity-del', NULL, 5, '2019-05-25 11:31:46', 0);
INSERT INTO `function_info`(`function_id`, `system_type_cd`, `menu_id`, `function_title`, `function_name`, `remark`, `sort`, `create_time`, `del_flag`) VALUES ('ff8080816ae9a1ed016aed0a7c9b000e', 3, 'ff8080816ac53f1c016ad2d549a20001', '编辑拼团活动', 'f_groupon-activity-edit', NULL, 3, '2019-05-25 11:30:49', 0);
INSERT INTO `function_info`(`function_id`, `system_type_cd`, `menu_id`, `function_title`, `function_name`, `remark`, `sort`, `create_time`, `del_flag`) VALUES ('ff8080816ae9a1ed016aed0981bf000c', 3, 'ff8080816ac53f1c016ad2d549a20001', '新增拼团活动', 'f_groupon-activity-add', NULL, 2, '2019-05-25 11:29:44', 1);
INSERT INTO `function_info`(`function_id`, `system_type_cd`, `menu_id`, `function_title`, `function_name`, `remark`, `sort`, `create_time`, `del_flag`) VALUES ('ff8080816ae9a1ed016aed0867af000a', 3, 'ff8080816ac53f1c016ad2d549a20001', '分页查询拼团活动', 'f_groupon-activity-list', NULL, 1, '2019-05-25 11:28:32', 0);
INSERT INTO `function_info`(`function_id`, `system_type_cd`, `menu_id`, `function_title`, `function_name`, `remark`, `sort`, `create_time`, `del_flag`) VALUES ('ff8080816ae9a1ed016aecf16bf20008', 4, 'ff8080816a590e49016ac4ae13190001', '查看拼团活动详情', 'f_groupon-activity-detail', NULL, 7, '2019-05-25 11:03:26', 0);
INSERT INTO `function_info`(`function_id`, `system_type_cd`, `menu_id`, `function_title`, `function_name`, `remark`, `sort`, `create_time`, `del_flag`) VALUES ('ff8080816ae9a1ed016aecf070960006', 4, 'ff8080816a590e49016ac4ae13190001', '驳回拼团活动', 'f_groupon-activity-refuse', NULL, 4, '2019-05-25 11:02:22', 0);
INSERT INTO `function_info`(`function_id`, `system_type_cd`, `menu_id`, `function_title`, `function_name`, `remark`, `sort`, `create_time`, `del_flag`) VALUES ('ff8080816ae9a1ed016aecede8610004', 4, 'ff8080816a590e49016ac4ae13190001', '设置精选', 'f_groupon-activity-sticky', NULL, 3, '2019-05-25 10:59:36', 0);
INSERT INTO `function_info`(`function_id`, `system_type_cd`, `menu_id`, `function_title`, `function_name`, `remark`, `sort`, `create_time`, `del_flag`) VALUES ('ff8080816ae9a1ed016aecebfe580002', 4, 'ff8080816a590e49016ac4ae13190001', '批量通过拼团活动', 'f_groupon-activity-batch-pass', NULL, 2, '2019-05-25 10:57:30', 0);
INSERT INTO `function_info`(`function_id`, `system_type_cd`, `menu_id`, `function_title`, `function_name`, `remark`, `sort`, `create_time`, `del_flag`) VALUES ('ff8080816ae9a1ed016aece5427e0000', 4, 'ff8080816a590e49016ac4ae13190001', '分页查询拼团活动', 'f_groupon-activity-list', NULL, 1, '2019-05-25 10:50:09', 0);


INSERT INTO `menu_info`(`menu_id`, `system_type_cd`, `parent_menu_id`, `menu_grade`, `menu_name`, `menu_url`, `menu_icon`, `sort`, `create_time`, `del_flag`) VALUES ('ff8080816ac53f1c016ad2d549a20001', 3, 'ff8080816ac53f1c016ad2d514020000', 3, '活动列表', '/groupon-activity-list', NULL, 3, '2019-05-20 09:22:35', 0);
INSERT INTO `menu_info`(`menu_id`, `system_type_cd`, `parent_menu_id`, `menu_grade`, `menu_name`, `menu_url`, `menu_icon`, `sort`, `create_time`, `del_flag`) VALUES ('ff8080816ac53f1c016ad2d514020000', 3, 'fc8e11003fe311e9828800163e0fc468', 2, '拼团活动', NULL, NULL, 3, '2019-05-20 09:22:21', 0);
INSERT INTO `menu_info`(`menu_id`, `system_type_cd`, `parent_menu_id`, `menu_grade`, `menu_name`, `menu_url`, `menu_icon`, `sort`, `create_time`, `del_flag`) VALUES ('ff8080816a590e49016ac4f516880002', 4, '2c93889a6ac39087016ac3ab865c0000', 3, '拼团分类', '/groupon-cate', NULL, 1, '2019-05-17 16:42:38', 0);
INSERT INTO `menu_info`(`menu_id`, `system_type_cd`, `parent_menu_id`, `menu_grade`, `menu_name`, `menu_url`, `menu_icon`, `sort`, `create_time`, `del_flag`) VALUES ('ff8080816a590e49016ac4ae13190001', 4, '2c93889a6ac39087016ac3ab865c0000', 3, '拼团活动', '/groupon-activity-list', NULL, 2, '2019-05-17 15:25:04', 0);
INSERT INTO `menu_info`(`menu_id`, `system_type_cd`, `parent_menu_id`, `menu_grade`, `menu_name`, `menu_url`, `menu_icon`, `sort`, `create_time`, `del_flag`) VALUES ('ff8080816a590e49016ac4acf2790000', 4, 'fc8e21533fe311e9828800163e0fc468', 3, '拼团活动', '/groupon-activity-list', NULL, 5, '2019-05-17 15:23:50', 1);
INSERT INTO `menu_info`(`menu_id`, `system_type_cd`, `parent_menu_id`, `menu_grade`, `menu_name`, `menu_url`, `menu_icon`, `sort`, `create_time`, `del_flag`) VALUES ('2c93889a6ac39087016ac3ac40200001', 4, '2c93889a6ac39087016ac3ab865c0000', 3, '拼团设置', '/groupon-setting', NULL, 0, '2019-05-17 10:43:27', 0);
INSERT INTO `menu_info`(`menu_id`, `system_type_cd`, `parent_menu_id`, `menu_grade`, `menu_name`, `menu_url`, `menu_icon`, `sort`, `create_time`, `del_flag`) VALUES ('2c93889a6ac39087016ac3ab865c0000', 4, 'fc8e20ff3fe311e9828800163e0fc468', 2, '拼团活动', NULL, NULL, 3, '2019-05-17 10:42:39', 0);
INSERT INTO `menu_info`(`menu_id`, `system_type_cd`, `parent_menu_id`, `menu_grade`, `menu_name`, `menu_url`, `menu_icon`, `sort`, `create_time`, `del_flag`) VALUES ('8a99c40b6ab95521016abe51c8950000', 4, 'fc8e21533fe311e9828800163e0fc468', 3, '拼团活动', '/groupon-activity-list', NULL, 5, '2019-05-16 09:46:32', 1);